Country,Gender,Localized Name
AD,F,Martina
AD,F,Emma
AD,F,Jana
AD,F,Lucia
AD,M,Iker
AD,M,Leo
AD,M,Biel
AD,M,Dylan
AD,M,Jordi
AD,M,Marc
AE,F,Mariam
AE,F,Sara
AE,F,Sarah
AE,F,Fatima
AE,F,Fatma
AE,F,Ayesha
AE,F,Noor
AE,M,Mohammad
AE,M,Ali
AE,M,Omar
AE,M,Ahmad
AE,M,Ahmed
AE,M,Abdulla
AE,M,Abdullah
AL,F,Amelia
AL,F,Ajla
AL,F,Aria
AL,F,Amelja
AL,F,Leandra
AL,F,Ambra
AL,F,Klea
AL,F,Melisa
AL,F,Amaris
AL,F,Reina
AL,M,Noel
AL,M,Aron
AL,M,Joel
AL,M,Roan
AL,M,Amar
AL,M,Mateo
AL,M,Alteo
AL,M,Roel
AL,M,Luis
AL,M,Dion
AM,F,Anahit
AM,F,Gayane
AM,F,Anna
AM,F,Karine
AM,F,Hasmik
AM,F,Lusine
AM,F,Susanna
AM,F,Armine
AM,F,Narine
AM,F,Lilit
AM,M,Armen
AM,M,Artur
AM,M,Karen
AM,M,Samvel
AM,M,Gevorg
AM,M,Ashot
AM,M,Davit
AM,M,Arman
AM,M,Hovhannes
AM,M,Gagik
AM,F,Nare
AM,F,Maria
AM,F,Arpi
AM,F,Maneh
AM,F,Angelina
AM,F,Mari
AM,F,Eva
AM,F,Mariam
AM,F,Anahit
AM,F,Sofi
AM,M,Davit
AM,M,Narek
AM,M,Monte
AM,M,Tigran
AM,M,Areg
AM,M,Hayk
AM,M,Mark
AM,M,Mikayel
AM,M,Aleks
AM,M,Areni
AR,F,Emma
AR,F,Olivia
AR,F,Martina
AR,F,Isabella
AR,F,Alma
AR,F,Catalina
AR,F,Mia
AR,F,Victoria
AR,F,Delfina
AR,M,Mateo
AR,M,Bautista
AR,M,Juan
AR,M,Felipe
AR,M,Bruno
AR,M,Noah
AR,M,Benicio
AR,M,Thiago
AR,M,Ciro
AR,M,Liam
AT,F,Marie
AT,F,Emilia
AT,F,Anna
AT,F,Emma
AT,F,Lena
AT,F,Mia
AT,F,Laura
AT,F,Valentina
AT,F,Hannah
AT,F,Lea
AT,M,Paul
AT,M,Jakob
AT,M,Maximilian
AT,M,Elias
AT,M,David
AT,M,Felix
AT,M,Leon
AT,M,Tobias
AT,M,Jonas
AT,M,Noah
AT,F,Sophia
AT,F,Emilia
AT,F,Sara
AT,F,Hannah
AT,F,Mia
AT,F,Emma
AT,F,Anna
AT,F,Sophie
AT,F,Laura
AT,F,Elena
AT,M,Mateo
AT,M,Luka
AT,M,Theodor
AT,M,Elias
AT,M,Noah
AT,M,Felix
AT,M,Mohammad
AT,M,Alexander
AT,M,Adam
AT,M,David
AU,F,Charlotte
AU,F,Amelia
AU,F,Isla
AU,F,Olivia
AU,F,Mia
AU,F,Ava
AU,F,Matilda
AU,F,Ella
AU,F,Grace
AU,F,Willow
AU,M,Oliver
AU,M,Noah
AU,M,Leo
AU,M,William
AU,M,Henry
AU,M,Jack
AU,M,Theodore
AU,M,Hudson
AU,M,Charlie
AU,M,Luca
AW,F,Alysha
AW,F,Isabella
AW,F,Isabelle
AW,F,Emily
AW,F,Emely
AW,M,Daniel
AW,M,Dylan
AW,M,Dyllan
AW,M,Kevin
AW,M,Keven
AZ,M,Ali
AZ,M,Elchin
AZ,M,Vugar
AZ,M,Anar
AZ,M,Elnur
AZ,M,Samir
AZ,M,Elshan
AZ,M,Rashad
AZ,M,Ilgar
AZ,M,Vusal
AZ,F,Zahra
AZ,F,Aylin
AZ,F,Zeynab
AZ,F,Maryam
AZ,F,Fatima
AZ,F,Nilay
AZ,F,Malak
AZ,F,Ayla
AZ,F,Nuray
AZ,M,Ali
AZ,M,Huseyn
AZ,M,Yusif
AZ,M,Mahammad
AZ,M,Raul
AZ,M,Omar
AZ,M,Murad
AZ,M,Adam
AZ,M,Tunar
AZ,F,Sevinj
AZ,F,Gunel
AZ,F,Leyla
AZ,F,Aygun
AZ,F,Gunay
AZ,F,Sevda
AZ,F,Vusala
AZ,F,Konul
AZ,F,Aysel
AZ,F,Tarana
BA,F,Sara
BA,F,Merjem
BA,F,Asja
BA,F,Esma
BA,F,Amina
BA,F,Ema
BA,F,Hana
BA,F,Lejla
BA,F,Lamija
BA,F,Dalila
BA,M,Davud
BA,M,Ahmed
BA,M,Hamza
BA,M,Amar
BA,M,Adin
BA,M,Daris
BA,M,Eman
BA,M,Harun
BA,M,Ali
BD,M,Mohammed
BD,M,Mohammad
BD,M,Abdul
BD,M,Muhammad
BD,M,Abdullah
BD,M,Ahmed
BD,M,Syed
BD,M,Kazi
BD,M,Sheikh
BD,M,Hasan
BE,F,Olivia
BE,F,Emma
BE,F,Louise
BE,F,Mila
BE,F,Alice
BE,F,Camille
BE,F,Lina
BE,F,Sofia
BE,F,Ella
BE,F,Juliette
BE,M,Arthur
BE,M,Noah
BE,M,Louis
BE,M,Liam
BE,M,Jules
BE,M,Adam
BE,M,Lucas
BE,M,Gabriel
BE,M,Victor
BE,M,Oscar
BO,F,Martha
BO,F,Roxana
BO,F,Elizabeth
BO,F,Sonia
BO,F,Juana
BO,F,Patricia
BO,F,Lidia
BO,F,Rosmery
BO,F,Carmen
BO,M,Juan
BO,M,Mario
BO,M,David
BO,M,Ferndo
BO,M,Jorge
BR,F,Maria
BR,F,Ana
BR,F,Francisca
BR,F,Adriana
BR,F,Juliana
BR,F,Marcia
BR,F,Fernanda
BR,F,Aline
BR,M,Francisco
BR,M,Carlos
BR,M,Paulo
BR,M,Pedro
BR,M,Lucas
BR,M,Luiz
BR,M,Marcos
BR,F,Helena
BR,F,Alice
BR,F,Laura
BR,F,Sophia
BR,F,Manuela
BR,F,Liz
BR,F,Isabella
BR,M,Miguel
BR,M,Arthur
BR,M,Gael
BR,M,Heitor
BR,M,Ravi
BR,M,Davi
BR,M,Berrdo
BR,M,Noah
BR,M,Gabriel
BY,F,Alisa
BY,F,Hanna
BY,F,Maryja
BY,F,Safija
BY,M,Maksim
BY,M,Mark
BY,M,Michail
CA,F,Olivia
CA,F,Emma
CA,F,Charlotte
CA,F,Amelia
CA,F,Ava
CA,F,Sophia
CA,F,Chloe
CA,F,Mia
CA,F,Mila
CA,F,Isla
CA,F,Alice
CA,M,Noah
CA,M,Liam
CA,M,William
CA,M,Leo
CA,M,Benjamin
CA,M,Theodore
CA,M,Jack
CA,M,Thomas
CA,M,Logan
CA,M,Oliver
CA,F,Emma
CA,F,Olivia
CA,F,Charlotte
CA,F,Charlie
CA,F,Florence
CA,F,Alice
CA,F,Livia
CA,F,Rose
CA,F,Juliette
CA,M,Noah
CA,M,William
CA,M,Liam
CA,M,Thomas
CA,M,Leo
CA,M,Jacob
CA,M,Arthur
CA,M,Louis
CA,M,Nathan
CH,F,Mia
CH,F,Emma
CH,F,Elena
CH,F,Lina
CH,F,Mila
CH,F,Emilia
CH,F,Sofia
CH,F,Olivia
CH,F,Nora
CH,F,Alina
CH,M,Noah
CH,M,Liam
CH,M,Matteo
CH,M,Luca
CH,M,Gabriel
CH,M,Leon
CH,M,Elias
CH,M,Louis
CH,M,Lio
CH,M,Nino
CL,F,Emma
CL,F,Isabella
CL,F,Emilia
CL,F,Julieta
CL,F,Trinidad
CL,F,Isidora
CL,F,Agustina
CL,F,Josefa
CL,F,Mia
CL,M,Mateo
CL,M,Gaspar
CL,M,Santiago
CL,M,Lucas
CL,M,Liam
CL,M,Vicente
CL,M,Maximiliano
CO,F,Antonella
CO,F,Isabella
CO,F,Luciana
CO,F,Celeste
CO,F,Victoria
CO,F,Gabriela
CO,F,Mariana
CO,F,Julieta
CO,F,Guadalupe
CO,M,Emiliano
CO,M,Samuel
CO,M,Thiago
CO,M,Emmanuel
CO,M,Maximiliano
CO,M,Isaac
CO,M,Santiago
CZ,F,Anna
CZ,F,Tereza
CZ,F,Sofie
CZ,F,Viktorie
CZ,F,Ema
CZ,F,Julie
CZ,M,Jakub
CZ,M,Jan
CZ,M,Adam
CZ,M,Filip
CZ,M,Martin
DE,F,Emilia
DE,F,Mia
DE,F,Sophia
DE,F,Emma
DE,F,Hannah
DE,F,Lina
DE,F,Mila
DE,F,Ella
DE,F,Leni
DE,F,Clara
DE,M,Noah
DE,M,Matteo
DE,M,Elias
DE,M,Finn
DE,M,Leon
DE,M,Theo
DE,M,Paul
DE,M,Emil
DE,M,Henry
DE,M,Ben
DK,F,Ella
DK,F,Alma
DK,F,Nora
DK,F,Ida
DK,F,Freja
DK,F,Sofia
DK,F,Luna
DK,F,Olivia
DK,F,Agnes
DK,F,Asta
DK,F,Clara
DK,F,Emma
DK,F,Frida
DK,F,Alberte
DK,M,William
DK,M,Oscar
DK,M,Carl
DK,M,Malthe
DK,M,Emil
DK,M,Valdemar
DK,M,Noah
DK,M,Aksel
DK,M,August
DK,M,Theo
DZ,M,Omar
DZ,M,Abdelkader
DZ,M,Ahmed
DZ,M,Mohammed
DZ,M,Ali
DZ,M,Rachid
DZ,M,Said
DZ,M,Brahim
DZ,M,Omar
DZ,M,Djamel
DZ,F,Imene
DZ,F,Sara
DZ,F,Yasmine
DZ,F,Lyna
DZ,F,Maria
DZ,F,Amina
DZ,F,Meriem
DZ,F,Karima
DZ,F,Melissa
DZ,F,Lydia
EC,F,Danna
EC,F,Emma
EC,F,Emily
EC,F,Victoria
EC,F,Aitana
EC,F,Isabella
EC,M,Liam
EC,M,Thiago
EC,M,Dylan
EC,M,Ian
EC,M,Carlos
EC,M,Juan
EC,M,Luis
EC,M,Gael
EE,F,Sofia
EE,F,Mia
EE,F,Eva
EE,F,Lenna
EE,F,Marta
EE,F,Amelia
EE,F,Elli
EE,F,Maria
EE,F,Sandra
EE,F,Alisa
EE,M,Oskar
EE,M,Sebastian
EE,M,Mark
EE,M,Hugo
EE,M,Robin
EE,M,Martin
EE,M,David
EE,M,Lukas
EE,M,Aron
EE,M,Rasmus
EG,F,Mary
EG,F,Marie
EG,F,Mariam
EG,F,Marina
EG,F,Irene
EG,F,Malak
EG,F,Habiba
EG,F,Hana
EG,F,Farah
EG,F,Marwa
EG,F,Nada
EG,F,Salma
EG,M,Peter
EG,M,Pierre
EG,M,George
EG,M,John
EG,M,Mina
EG,M,Beshoi
EG,M,Kirollos
EG,M,Mark
EG,M,Fadi
EG,M,Habib
EG,F,Shaimaa
EG,F,Fatma
EG,F,Maha
EG,F,Reem
EG,F,Farida
EG,F,Aya
EG,F,Shahd
EG,F,Ashraqat
EG,F,Sahar
EG,F,Fatin
EG,F,Dalal
EG,F,Doha
EG,F,Fajr
EG,F,Suha
EG,F,Rowan
EG,F,Hosniya
EG,F,Hasnaa
EG,F,Hosna
EG,F,Gamila
EG,F,Gamalat
EG,F,Habiba
EG,M,Mohamed
EG,M,Youssef
EG,M,Ahmed
EG,M,Mahmoud
EG,M,Mustafa
EG,M,Yassin
EG,M,Taha
EG,M,Khaled
EG,M,Hamza
EG,M,Bilal
EG,M,Ibrahim
EG,M,Hassan
EG,M,Hussein
EG,M,Karim
EG,M,Tareq
EG,M,Ali
EG,M,Omar
EG,M,Halim
EG,M,Murad
EG,M,Selim
EG,M,Abdallah
ES,F,Ane
ES,F,Laia
ES,F,June
ES,F,Nahia
ES,F,Maddi
ES,F,Malen
ES,F,Nora
ES,F,Irati
ES,F,Izaro
ES,F,Sara
ES,M,Markel
ES,M,Julen
ES,M,Oihan
ES,M,Jon
ES,M,Aiur
ES,M,Aimar
ES,M,Ibai
ES,M,Luka
ES,M,Danel
ES,F,Martina
ES,F,Mia
ES,F,Emma
ES,F,Ona
ES,F,Laia
ES,F,Paula
ES,M,Marc
ES,M,Nil
ES,M,Pol
ES,M,Jan
ES,M,Leo
ES,M,Pau
ES,M,Marti
ES,M,Biel
ES,M,Hugo
ES,F,Martina
ES,F,Valeria
ES,F,Julia
ES,F,Paula
ES,F,Emma
ES,F,Daniela
ES,F,Carla
ES,M,Hugo
ES,M,Mateo
ES,M,Leo
ES,M,Lucas
ES,M,Manuel
ES,M,Daniel
ES,M,Alejandro
ES,M,Pablo
FI,F,Olivia
FI,F,Aino
FI,F,Aada
FI,F,Lilja
FI,F,Eevi
FI,F,Isla
FI,F,Helmi
FI,F,Venla
FI,F,Sofia
FI,F,Ellen
FI,M,Leo
FI,M,Eino
FI,M,Oliver
FI,M,Elias
FI,M,Onni
FI,M,Emil
FI,M,Eeli
FI,M,Toivo
FI,M,Leevi
FO,F,Lea
FO,F,Emma
FO,F,Julia
FO,F,Ria
FO,F,Isabella
FO,F,Nora
FO,F,Ronja
FO,M,Andrias
FO,M,Markus
FO,M,Mattias
FO,M,Adrian
FO,M,Gilli
FR,F,Jade
FR,F,Emma
FR,F,Louise
FR,F,Mia
FR,F,Alice
FR,F,Lina
FR,F,Ambre
FR,F,Rose
FR,F,Anna
FR,M,Gabriel
FR,M,Arthur
FR,M,Louis
FR,M,Lucas
FR,M,Adam
FR,M,Tiago
FR,M,Hugo
GB,F,Olivia
GB,F,Amelia
GB,F,Isla
GB,F,Ava
GB,F,Ivy
GB,F,Florence
GB,F,Lily
GB,F,Freya
GB,F,Mia
GB,F,Willow
GB,M,Noah
GB,M,George
GB,M,Oliver
GB,M,Muhammad
GB,M,Arthur
GB,M,Leo
GB,M,Harry
GB,M,Oscar
GB,M,Henry
GB,M,Theodore
GB,F,Olivia
GB,F,Amelia
GB,F,Isla
GB,F,Freya
GB,F,Ivy
GB,F,Rosie
GB,F,Ava
GB,F,Grace
GB,F,Lily
GB,F,Evie
GB,F,Mia
GB,M,Noah
GB,M,Oliver
GB,M,Arthur
GB,M,Theo
GB,M,Leo
GB,M,Charlie
GB,M,Archie
GB,M,George
GB,M,Jack
GB,M,Oscar
GB,F,Grace
GB,F,Emily
GB,F,Fiadh
GB,F,Olivia
GB,F,Isla
GB,F,Aoife
GB,F,Lily
GB,F,Annie
GB,F,Evie
GB,F,Freya
GB,F,Amelia
GB,M,James
GB,M,Jack
GB,M,Noah
GB,M,Theo
GB,M,Charlie
GB,M,Oliver
GB,M,Oisin
GB,M,Harry
GB,M,Cillian
GB,M,Thomas
GB,F,Olivia
GB,F,Isla
GB,F,Freya
GB,F,Millie
GB,F,Emily
GB,F,Amelia
GB,F,Grace
GB,F,Sophie
GB,F,Ava
GB,F,Ella
GB,F,Lily
GB,F,Charlotte
GB,M,Noah
GB,M,Jack
GB,M,Leo
GB,M,Harris
GB,M,Luca
GB,M,Oliver
GB,M,Rory
GB,M,Archie
GB,M,Alfie
GB,M,James
GB,M,Theo
GB,M,Finlay
GB,M,Lewis
GG,F,Olivia
GG,F,Charlotte
GG,F,Evie
GG,F,Florence
GG,F,Imogen
GG,F,Isla
GG,F,Penelope
GG,M,Luca
GG,M,Theodore
GG,M,Archie
GG,M,Leo
GG,M,Theo
GG,M,Arthur
GG,M,George
GG,M,Max
GG,M,Oscar
GG,M,Thomas
GG,M,William
GI,F,Sophia
GI,F,Ava
GI,F,Chloe
GI,F,Isabella
GI,F,Maya
GI,F,Olivia
GI,F,Anna
GI,F,Hannah
GI,M,Kai
GI,M,Max
GI,M,Daniel
GI,M,Hugo
GI,M,Jack
GI,M,Lucas
GI,M,Noah
GI,M,Oliver
GL,F,Ivaana
GL,F,Nivi
GL,F,Uiloq
GL,F,Niviaq
GL,F,Isabella
GL,F,Ivalu
GL,F,Pipaluk
GL,F,Malu
GL,F,Paninnguaq
GL,F,Aviana
GL,F,Maya
GL,F,Paneeraq
GL,M,Inuk
GL,M,Malik
GL,M,Minik
GL,M,Inunnguag
GL,M,Liam
GL,M,Ulloriaq
GL,M,Norsaq
GL,M,Aputsiaq
GL,M,Ivik
GL,M,Miki
GL,M,Maligiaq
GL,M,Noah
GL,M,Qillaq
GL,M,Inutsiaq
GL,M,Nuka
GL,M,Salik
GQ,F,Isabel
GQ,F,Esperanza
GQ,F,Milagrosa
GQ,M,Manuel
GQ,M,Juan
GQ,M,Antonio
HR,F,Mia
HR,F,Lucija
HR,F,Nika
HR,F,Rita
HR,F,Ema
HR,F,Mila
HR,F,Marta
HR,F,Sara
HR,F,Ana
HR,F,Dora
HR,M,Luka
HR,M,David
HR,M,Jakov
HR,M,Ivan
HR,M,Roko
HR,M,Petar
HR,M,Mateo
HR,M,Niko
HR,M,Matej
HR,M,Fran
HR,M,Josip
HT,F,Widelene
HT,F,Mirlande
HT,F,Myrlande
HT,F,Islande
HT,F,Lovelie
HT,F,Lovely
HT,F,Judeline
HT,F,Angeline
HT,F,Esther
HT,F,Chedeline
HT,F,Jessica
HT,M,Stevenson
HT,M,Stanley
HT,M,Samuel
HT,M,Peterson
HT,M,Daniel
HT,M,Wilson
HT,M,Jameson
HT,M,Evens
HT,M,Ricardo
HT,M,Emmanuel
HU,F,Hanna
HU,F,Anna
HU,F,Luca
HU,F,Emma
HU,F,Lili
HU,F,Lilien
HU,F,Lara
HU,M,Levente
HU,M,Dominik
HU,M,Bence
HU,M,Noel
HU,M,Marcell
IE,F,Emily
IE,F,Grace
IE,F,Fiadh
IE,F,Sophie
IE,F,Lily
IE,F,Ava
IE,F,Mia
IE,F,Ellie
IE,F,Olivia
IE,M,Jack
IE,M,Noah
IE,M,James
IE,M,Charlie
IE,M,Tadhg
IE,M,Liam
IE,M,Cillian
IE,M,Daniel
IL,M,Charbel
IL,M,Jude
IL,M,Niel
IL,M,Elias
IL,M,Liam
IL,M,George
IL,F,Lin
IL,F,Maria
IL,F,Sama
IL,F,Celine
IL,F,Leah
IL,M,Adam
IL,M,Taim
IL,M,Niel
IL,M,Amir
IL,M,Jude
IL,F,Mila
IL,F,Ayalah
IL,F,Lur
IL,F,Lin
IL,F,Yasmin
IL,M,Muhammad
IL,M,Ahmad
IL,M,Adam
IL,M,Yusef
IL,M,Omer
IL,M,Ali
IL,M,Abd
IL,M,Amir
IL,M,Ibrahim
IL,M,Mahmoud
IL,F,Maryam
IL,F,Shams
IL,F,Lyn
IL,F,Malek
IL,F,Jori
IL,F,Lian
IL,F,Mila
IL,F,Aline
IL,F,Nur
IL,F,Marya
IL,M,David
IL,M,Ariel
IL,M,Lavi
IL,M,Uri
IL,M,Refael
IL,M,Noam
IL,M,Eitan
IL,M,Ari
IL,M,Daniel
IL,M,Yehuda
IL,F,Avigail
IL,F,Tamar
IL,F,Noa
IL,F,Sarah
IL,F,Adele
IL,F,Maya
IL,F,Lia
IL,F,Ayala
IM,F,Lily
IM,F,Lillie
IM,F,Lilly
IM,F,Ella
IM,F,Emilia
IM,F,Emelia
IM,F,Emiliya
IM,F,Olivia
IM,F,Isla
IM,F,Isabella
IM,M,Noah
IM,M,Theo
IM,M,Theodore
IM,M,Jack
IM,M,Leo
IM,M,Alfie
IM,M,Archie
IM,M,Benjamin
IM,M,Edward
IN,F,Aditi
IN,F,Inaya
IN,F,Aarya
IN,F,Kiara
IN,F,Aadhya
IN,F,Vamika
IN,F,Pari
IN,F,Jiya
IN,F,Mehar
IN,F,Amayra
IN,M,Muhammad
IN,M,Shivansh
IN,M,Dhruv
IN,M,Kabir
IN,M,Vedant
IN,M,Kiaan
IN,M,Aarav
IN,M,Arjun
IN,M,Viraj
IN,M,Krishna
IQ,M,Ali
IQ,M,Muhammed
IQ,M,Hussein
IQ,M,Hydar
IQ,M,Ahmed
IQ,M,Omar
IQ,M,Hasan
IQ,M,Kathem
IQ,M,Abdullah
IQ,M,Ammar
IR,F,Fatemeh
IR,F,Zahra
IR,F,Helma
IR,F,Zeinab
IR,F,Yasna
IR,F,Ava
IR,F,Mersana
IR,F,Baran
IR,M,Mohammad
IR,M,Ali
IR,M,Hossein
IR,M,AbulFazl
IR,M,Samyar
IR,M,Aria
IR,F,Fatemeh
IR,F,Zahra
IR,F,Maryam
IR,F,Sakineh
IR,F,Zeinab
IR,F,Roghayyeh
IR,F,Khadije
IR,F,Leyla
IR,F,Somayyeh
IR,M,Mohammad
IR,M,Ali
IR,M,Hossein
IR,M,Mahdi
IR,M,Hassan
IR,M,Reza
IR,M,Ahmad
IR,M,Abbas
IS,F,Embla
IS,F,Sara
IS,F,Matthildur
IS,F,Katla
IS,F,Eva
IS,F,Saga
IS,M,Aron
IS,M,Alexander
IS,M,Emil
IS,M,Mikael
IS,M,Atlas
IS,M,Elmar
IT,F,Sofia
IT,F,Aurora
IT,F,Giulia
IT,F,Ginevra
IT,F,Beatrice
IT,F,Alice
IT,F,Vittoria
IT,F,Emma
IT,F,Ludovica
IT,F,Matilde
IT,M,Leonardo
IT,M,Alessandro
IT,M,Tommaso
IT,M,Francesco
IT,M,Lorenzo
IT,M,Edoardo
IT,M,Mattia
IT,M,Riccardo
IT,M,Gabriele
IT,M,Andrea
JE,F,Willow
JE,F,Mia
JE,F,Aria
JE,F,Sienna
JE,F,Lily
JE,F,Daisy
JE,F,Olivia
JE,F,Emily
JE,F,Florence
JE,F,Valentina
JE,M,Arthur
JE,M,Noah
JE,M,Luca
JE,M,Leo
JE,M,Lucas
JE,M,Oliver
JE,M,Theodore
JE,M,Frederick
JE,M,Finn
JE,M,Albert
JM,F,Amelia
JM,F,Arianna
JM,F,Gianna
JM,F,Kyra
JM,F,Azariah
JM,F,Aria
JM,F,Ariana
JM,F,Azaria
JM,M,Aiden
JM,M,Liam
JM,M,Malachi
JM,M,Amir
JM,M,thaniel
JM,M,Joshua
JM,M,Josiah
JM,M,Zahir
JM,M,than
JO,F,Jouri
JO,F,Salma
JO,F,Naya
JO,F,Mira
JO,F,Lianne
JO,F,Leen
JO,F,Zina
JO,F,Mariam
JO,F,Wateen
JO,F,Tuleen
JO,M,Mohammad
JO,M,Adam
JO,M,Ahmed
JO,M,Youssef
JO,M,Omar
JO,M,Karam
JO,M,Shahem
JO,M,Jad
JO,M,Ali
JO,M,Hashem
KW,F,Fatma
KW,F,Mariam
KW,F,Hussa
KW,F,Sherifa
KW,F,Sara
KW,F,Reem
KW,F,Aisha
KW,F,Dalal
KW,F,Lulwa
KW,F,Shaikha
KW,M,Mohammad
KW,M,Abdullah
KW,M,Fahad
KW,M,Khaled
KW,M,Ali
KW,M,Yousef
KW,M,Ahmed
KW,M,Abdulaziz
KW,M,Faisal
KW,M,Bader
LB,F,Marie
LB,F,Fatima
LB,F,Jessica
LB,F,Zeinab
LB,F,Mariam
LB,F,Sarah
LB,F,Maya
LB,F,Layla
LB,F,Christina
LB,F,Amal
LB,M,Elie
LB,M,Mohammad
LB,M,Charbel
LB,M,Ali
LB,M,Hassan
LB,M,Hussein
LB,M,George
LB,M,Ahmad
LB,M,Christian
LB,M,Joe
LI,F,Emilia
LI,F,Frida
LI,F,Frieda
LI,F,Mia
LI,F,Emma
LI,F,Melina
LI,F,Sofia
LI,F,Sophia
LI,M,Elias
LI,M,Elyas
LI,M,Louis
LI,M,Luis
LI,M,Leo
LI,M,Noah
LI,M,Paul
LI,M,Leano
LI,M,Luca
LI,M,Mattia
LI,M,Nelio
LI,M,Raphael
LI,M,Rafael
LI,M,Valentin
LT,F,Sofija
LT,F,Emilija
LT,F,Amelija
LT,F,Gabija
LT,F,Patricija
LT,F,Elija
LT,F,Liepa
LT,M,Markas
LT,M,Benas
LT,M,Dominykas
LT,M,Herkus
LT,M,Lukas
LT,M,Jonas
LT,M,Matas
LT,M,Kajus
LT,M,Adomas
LU,F,Emma
LU,F,Lara
LU,F,Amy
LU,F,Sarah
LU,F,Charlotte
LU,F,Emily
LU,M,Gabriel
LU,M,Leo
LU,M,Luca
LU,M,Noah
LU,M,David
LU,M,Tom
LU,M,Ben
LV,F,Sofija
LV,F,Alise
LV,F,Marta
LV,F,Paula
LV,F,Anna
LV,F,Emma
LV,F,Elza
LV,M,Marks
LV,M,Roberts
LV,M,Gustavs
LV,M,Adrians
LV,M,Daniels
LV,M,Ralfs
LY,F,Aya
LY,F,Rania
LY,F,Sarah
LY,F,Reem
LY,F,Hoda
LY,F,Marwa
LY,F,Mona
LY,F,Fatima
LY,F,Eisha
LY,F,Nesreen
LY,M,Mohammed
LY,M,Ahmed
LY,M,Ali
LY,M,Hamza
LY,M,Ibrahim
LY,M,Mahmoud
LY,M,Abdallah
LY,M,Tareq
LY,M,Hassan
LY,M,Khaled
MA,F,Aya
MA,F,Yasmine
MA,F,Assia
MA,F,Maryam
MA,F,Nora
MA,F,Amira
MA,F,Amina
MA,M,Mohamed
MA,M,Amir
MA,M,Ibrahim
MA,M,Ayoub
MA,M,Youssef
MA,M,Wassim
MA,M,Ali
MA,M,Amine
MC,F,Emma
MC,F,Victoria
MC,F,Alice
MC,F,Stella
MC,M,Leonardo
MC,M,Gabriel
MC,M,Aaron
MC,M,Louis
MD,F,Sofia
MD,F,Amelia
MD,F,Victoria
MD,F,Daria
MD,F,Anastasia
MD,F,Maria
MD,F,Eva
MD,F,Alexandra
MD,F,Evelina
MD,F,Emma
MD,M,David
MD,M,Matei
MD,M,Maxim
MD,M,Daniel
MD,M,Bogdan
MD,M,Alexandru
MD,M,Damian
MD,M,Mark
MD,M,Artiom
MD,M,Ion
ME,F,Sofija
ME,F,Dunja
ME,F,Bogdana
ME,F,Teodora
ME,F,Sara
ME,F,Mila
ME,F,Ksenija
ME,F,Tara
ME,F,Anastasija
ME,M,Luka
ME,M,Lazar
ME,M,Vuk
ME,M,Bogdan
ME,M,Vasilije
ME,M,Petar
ME,M,Jakov
ME,M,Viktor
ME,M,Andrej
ME,M,Jovan
MK,F,Marija
MK,F,Elena
MK,F,Biljana
MK,F,Vesna
MK,F,Snezana
MK,F,Violeta
MK,F,Aleksandra
MK,F,Suzana
MK,F,Katerina
MK,F,Ivana
MK,M,Aleksandar
MK,M,Zoran
MK,M,Nikola
MK,M,Goran
MK,M,Dragan
MK,M,Dejan
MK,M,Petar
MK,M,Igor
MK,M,Ilija
MK,M,Stefan
ML,F,Fatoumata
ML,F,Mariam
ML,F,Aminata
ML,F,Hawa
ML,F,Awa
ML,F,Oumou
ML,F,Djeneba
ML,F,Bintou
ML,F,Fanta
ML,F,Kadiatou
ML,M,Mamadou
ML,M,Moussa
ML,M,Mahamadou
ML,M,Adama
ML,M,Bakary
ML,M,Abdoulaye
ML,M,Modibo
ML,M,Oumar
ML,M,Sekou
ML,M,Souleymane
MN,F,Odval
MN,F,Bolormaa
MN,F,Bayarmaa
MN,F,Oyunbileg
MN,F,Khongordzol
MN,M,Naranbaatar
MN,M,Chuluun
MT,F,Mia
MT,F,Emma
MT,F,Nina
MT,F,Giulia
MT,M,Luca
MT,M,Liam
MT,M,Noah
MT,M,Matteo
MX,F,Valentina
MX,F,Regina
MX,F,Ximena
MX,F,Camila
MX,F,Valeria
MX,F,Victoria
MX,F,Renata
MX,M,Santiago
MX,M,Mateo
MX,M,Leordo
MX,M,Emiliano
MX,M,Diego
MX,M,Daniel
MX,M,Alexander
MY,F,Nur
MY,F,Wan
MY,F,Nurul
MY,F,Aisyah
MY,F,Maryam
MY,F,Siti
MY,F,Dhia
MY,F,Naura
MY,F,Ayra
MY,F,Puteri
MY,M,Muhamad
MY,M,Ahmad
MY,M,Adam
MY,M,Amar
MY,M,Wan
MY,M,Iman
MY,M,Harraz
MY,M,Izz
MY,M,Umar
MY,M,Aariz
NL,F,Emma
NL,F,Julia
NL,F,Mila
NL,F,Sophie
NL,F,Olivia
NL,F,Yara
NL,F,Saar
NL,F,Nora
NL,F,Tess
NL,F,Noor
NL,M,Noah
NL,M,Liam
NL,M,Luca
NL,M,Lucas
NL,M,Mees
NL,M,Finn
NL,M,James
NL,M,Milan
NL,M,Levi
NL,M,Sem
NO,F,Nora
NO,F,Emma
NO,F,Olivia
NO,F,Ella
NO,F,Sofie
NO,F,Leah
NO,F,Frida
NO,F,Iben
NO,F,Sofia
NO,F,Sara
NO,M,Jakob
NO,M,Noah
NO,M,Emil
NO,M,Lucas
NO,M,Oliver
NO,M,Isak
NO,M,William
NO,M,Filip
NO,M,Aksel
NO,M,Theodor
NP,F,Shristi
NP,F,Sunita
NP,F,Rabina
NP,F,Asmita
NP,F,Niharika
NP,F,Binita
NP,F,Aasha
NP,F,Kabita
NP,F,Sita
NP,F,Gita
NP,M,Krishna
NP,M,Kiran
NP,M,Bishal
NP,M,Bibek
NP,M,Siddhartha
NP,M,Manish
NP,M,Mahesh
NP,M,Kamal
NP,M,Prem
NP,M,Prakash
NZ,F,Mia
NZ,F,Aria
NZ,F,Maia
NZ,F,Aurora
NZ,F,Amaia
NZ,F,Kiara
NZ,F,Kaia
NZ,F,Amara
NZ,F,Kora
NZ,F,Maria
NZ,M,Nikau
NZ,M,Ari
NZ,M,Niko
NZ,M,Koa
NZ,M,Mateo
NZ,M,Keanu
NZ,M,Mikaere
NZ,M,Manaia
NZ,M,Kairo
NZ,M,Kiwa
NZ,F,Isla
NZ,F,Amelia
NZ,F,Charlotte
NZ,F,Mila
NZ,F,Lily
NZ,F,Ava
NZ,F,Willow
NZ,F,Olivia
NZ,F,Harper
NZ,F,Sophie
NZ,M,Oliver
NZ,M,Noah
NZ,M,Leo
NZ,M,Jack
NZ,M,Luca
NZ,M,Theodore
NZ,M,George
NZ,M,Charlie
NZ,M,Hudson
NZ,M,William
PA,F,Emma
PA,F,Ana
PA,F,Isabella
PA,F,Camila
PA,F,Emily
PA,M,Thiago
PA,M,Ian
PA,M,Lucas
PA,M,Dylan
PA,M,Luis
PA,M,Juan
PA,M,Eithan
PA,M,Carlos
PA,M,Liam
PE,F,Mia
PE,F,Camila
PE,F,Alessia
PE,F,Luciana
PE,F,Zoe
PE,F,Valentina
PE,F,Aitana
PE,F,Danna
PE,F,Luana
PE,F,Ariana
PE,M,Liam
PE,M,Thiago
PE,M,Dylan
PE,M,Gael
PE,M,Mateo
PE,M,Ian
PE,M,Luis
PE,M,Lucas
PE,M,Santiago
PE,M,Juan
PF,F,Tiare
PF,F,Hinano
PF,F,Poema
PF,F,Maeva
PF,F,Hina
PF,F,Vaea
PF,F,Titaua
PF,F,Moea
PF,F,Moeata
PF,F,Tarita
PF,F,Titaina
PF,F,Teura
PF,F,Heikapu
PF,F,Mareva
PF,M,Hiro
PF,M,Teiki
PF,M,Moana
PF,M,Manua
PF,M,Marama
PF,M,Teiva
PF,M,Teva
PF,M,Maui
PF,M,Tehei
PF,M,Tamatoa
PF,M,Ioane
PF,M,Tapuarii
PH,F,Althea
PH,F,Angel
PH,F,Samantha
PH,F,Sophia
PH,F,Sofia
PH,F,Andrea
PH,F,Nathalie
PH,F,Princess
PH,F,Angela
PH,F,Chloe
PH,M,Jacob
PH,M,Nathaniel
PH,M,Gabriel
PH,M,Ezekiel
PH,M,Nathan
PH,M,Ethan
PH,M,Angelo
PH,M,James
PH,M,Matthew
PH,M,Zion
PK,F,Fatima
PK,F,Fozia
PK,F,Bismah
PK,F,Sobia
PK,F,Farrah
PK,F,Maryam
PK,F,Farzana
PK,F,Ayesha
PK,F,Sakeena
PK,F,Zainab
PK,M,Mohammad
PK,M,Ali
PK,M,Hussain
PK,M,Omar
PK,M,Bilal
PK,M,Usman
PK,M,Zahid
PK,M,Shahid
PK,M,Saqib
PK,M,Nomaan
PL,F,Zofia
PL,F,Zuzanna
PL,F,Hanna
PL,F,Maja
PL,F,Laura
PL,F,Julia
PL,F,Oliwia
PL,F,Alicja
PL,F,Lena
PL,F,Pola
PL,M,Antoni
PL,M,Jan
PL,M,Aleksander
PL,M,Franciszek
PL,M,Nikodem
PL,M,Jakub
PL,M,Leon
PL,M,Szymon
PR,F,Valentina
PR,F,Emma
PR,F,Victoria
PR,F,Luna
PR,F,Aurora
PR,F,Amaia
PR,F,Catalina
PR,F,Milena
PR,F,Gianna
PR,M,Liam
PR,M,Thiago
PR,M,Noah
PR,M,Mateo
PR,M,Lucas
PR,M,Dylan
PR,M,Ian
PR,M,Ethan
PT,F,Maria
PT,F,Alice
PT,F,Leonor
PT,F,Matilde
PT,F,Benedita
PT,F,Carolina
PT,F,Beatriz
PT,F,Margarida
PT,F,Francisca
PT,F,Camila
PT,M,Francisco
PT,M,Afonso
PT,M,Duarte
PT,M,Santiago
PT,M,Martim
PT,M,Miguel
PT,M,Gabriel
PY,F,Elizabeth
PY,F,Beatriz
PY,F,Ramona
PY,F,Liz
PY,F,Carolina
PY,F,Mabel
PY,F,Raquel
PY,M,Juan
PY,M,Antonio
PY,M,Carlos
PY,M,Daniel
PY,M,Luis
PY,M,Javier
PY,M,David
RO,F,Sofia
RO,F,Amelia
RO,F,Anastasia
RO,F,Maria
RO,F,Victoria
RO,F,Daria
RO,F,Eva
RO,F,Alexandra
RO,F,Evelina
RO,F,Andreea
RO,M,David
RO,M,Matei
RO,M,Bogdan
RO,M,Maxim
RO,M,Alexandru
RO,M,Damian
RO,M,Daniel
RO,M,Artiom
RO,M,Ion
RO,M,Gabriel
RS,F,Mia
RS,F,Ema
RS,F,Mila
RS,F,Lara
RS,F,Lina
RS,F,Sofia
RS,F,Hana
RS,F,Ana
RS,F,Lea
RS,F,Natalija
RS,M,Relja
RS,M,Mateo
RS,M,Noa
RS,M,Emil
RS,M,Leon
RS,M,Teo
RS,M,Matija
RS,M,Filip
RS,M,Nikola
RS,M,Danijel
RU,F,Yeva
RU,F,Sofiya
RU,F,Anna
RU,F,Viktoriya
RU,F,Mariya
RU,F,Alisa
RU,F,Varvara
RU,F,Polina
RU,F,Vasilisa
RU,F,Anastasiya
RU,M,Artem
RU,M,Mikhail
RU,M,Aleksandr
RU,M,Matvey
RU,M,Timofey
RU,M,Lev
RU,M,Dmitry
RU,M,Mark
RU,M,Roman
RU,M,Ivan
SA,F,Sara
SA,F,Latifa
SA,F,Nora
SA,F,Hessa
SA,F,Maysoun
SA,F,Maha
SA,F,Nouf
SA,F,Noor
SA,F,Reema
SA,F,Alanoud
SA,M,Mohammad
SA,M,Fahd
SA,M,Abdullah
SA,M,Abdulrahman
SA,M,Turki
SA,M,Bandar
SA,M,Omar
SA,M,Ali
SI,F,Ema
SI,F,Zala
SI,F,Mia
SI,F,Julija
SI,F,Hana
SI,F,Sofija
SI,F,Ajda
SI,F,Vita
SI,F,Lana
SI,F,Nika
SI,F,Mila
SI,F,Sara
SI,M,Filip
SI,M,Luka
SI,M,Nik
SI,M,Mark
SI,M,Jakob
SI,M,Liam
SI,M,Lan
SI,M,Oskar
SI,M,Tim
SI,M,Lovro
SK,F,Sofia
SK,F,Nina
SK,F,Ema
SK,F,Nela
SK,F,Mia
SK,F,Olivia
SK,M,Jakub
SK,M,Samuel
SK,M,Adam
SK,M,Michal
SK,M,Oliver
SK,M,Filip
SK,M,Martin
SK,M,Matej
SK,M,Richard
SM,F,Aurora
SM,F,Sofia
SM,M,Tommaso
SM,M,Edoardo
SM,M,Leonardo
SV,F,Astrid
SV,F,Maja
SV,F,Alma
SV,F,Vera
SV,F,Freja
SV,F,Leah
SV,F,Ella
SV,F,Alice
SV,F,Selma
SV,F,Lilly
SV,M,William
SV,M,Liam
SV,M,Noah
SV,M,Hugo
SV,M,Oliver
SV,M,Lucas
SV,M,Nils
SV,M,Matteo
SV,M,Valter
SV,M,August
TH,M,Somchai
TH,M,Somsak
TH,M,Somporn
TH,M,Somboon
TH,M,Prasert
TJ,F,Sumayah
TJ,F,Asiya
TJ,F,Oisha
TJ,F,Googoosh
TJ,F,Anohito
TJ,F,Indira
TJ,M,Muhammad
TJ,M,Yusuf
TJ,M,Abdullo
TJ,M,Abubakr
TN,F,Mariam
TN,F,Shayma
TN,F,Khawla
TN,M,Mehdi
TN,M,Youssef
TN,M,Aziz
TN,M,Karim
TR,F,Fatma
TR,F,Emine
TR,F,Hatice
TR,F,Zeynep
TR,F,Elif
TR,F,Meryem
TR,F,Zehra
TR,F,Sultan
TR,M,Mehmet
TR,M,Mustafa
TR,M,Ahmet
TR,M,Ali
TR,M,Hasan
TR,M,Ibrahim
TR,M,Osman
TR,M,Yusuf
TR,F,Zeynep
TR,F,Elif
TR,F,Asel
TR,F,Asya
TR,F,Defne
TR,F,Nehir
TR,F,Azra
TR,F,Ecrin
TR,M,Yusuf
TR,M,Alparslan
TR,M,Eymen
TR,M,Mustafa
TR,M,Aras
UA,F,Anna
UA,F,Anastasiya
UA,F,Veronika
UA,F,Sofiya
UA,F,Oleksandra
UA,F,Mariya
UA,F,Viktoriya
UA,F,Milana
UA,F,Yeva
UA,F,Solomiya
UA,M,Artem
UA,M,Dmytro
UA,M,Ivan
UA,M,Maksym
UA,M,Mykhaylo
UA,M,Danylo
UA,M,Vladyslav
UA,M,Oleksandr
UA,M,Andriy
US,F,Mary
US,F,Patricia
US,F,Linda
US,F,Barbara
US,F,Elizabeth
US,F,Jennifer
US,F,Maria
US,F,Susan
US,F,Margaret
US,F,Dorothy
US,M,James
US,M,John
US,M,Robert
US,M,Michael
US,M,William
US,M,David
US,M,Richard
US,M,Charles
US,M,Joseph
US,M,Thomas
US,F,Olivia
US,F,Emma
US,F,Charlotte
US,F,Amelia
US,F,Sophia
US,F,Isabella
US,F,Ava
US,F,Mia
US,F,Evelyn
US,F,Luna
US,M,Liam
US,M,Noah
US,M,Oliver
US,M,James
US,M,Elijah
US,M,William
US,M,Henry
US,M,Lucas
US,M,Benjamin
US,M,Theodore
UY,F,Maria
UY,F,Isabella
UY,F,Valentina
UY,F,Emma
UY,F,Martina
UY,F,Catalina
UY,M,Juan
UY,M,Mateo
VE,F,Camila
VE,F,Isabella
VE,F,Victoria
VE,F,Valentina
VE,F,Valeria
VE,F,Nicole
VE,F,Samantha
VE,F,Mariana
VE,F,Antonella
VE,M,Santiago
VE,M,Samuel
VE,M,Diego
VE,M,Gabriel
VE,M,Alejandro
VE,M,David
ZA,F,Melokuhle
ZA,F,Omphile
ZA,F,Iminathi
ZA,F,Lisakhanya
ZA,F,Lethabo
ZA,F,Amahle
ZA,F,Lesedi
ZA,F,Rethabile
ZA,F,Lethokuhle
ZA,F,Asemahle
ZA,M,Lethabo
ZA,M,Lubanzi
ZA,M,Melokuhle
ZA,M,Junior
ZA,M,Lethokuhle
ZA,M,Siphosethu
ZA,M,Omphile
ZA,M,Lwandle
ZA,M,Banele
ZA,M,Ofentse
GR,F,Giorgia
MK,M,Jakob
